{
    "rules": {
        "no-bom": true,
        "class-name": true,
        "comment-format": [true,
            "check-space"
        ],
        "indent": [true,
            "tabs"
        ],
        "linebreak-style": [true, "LF"],
        "one-line": [true,
            "check-open-brace",
            "check-whitespace"
        ],
        "no-var-keyword": true,
        "quotemark": [true,
            "single",
            "avoid-escape"
        ],
        "semicolon": [true, "always", "ignore-bound-class-methods"],
        "whitespace": [true,
            "check-branch",
            "check-decl",
            "check-operator",
            "check-module",
            "check-separator",
            "check-type"
        ],
        "typedef-whitespace": [
            true,
            {
                "call-signature": "nospace",
                "index-signature": "nospace",
                "parameter": "nospace",
                "property-declaration": "nospace",
                "variable-declaration": "nospace"
            },
            {
                "call-signature": "onespace",
                "index-signature": "onespace",
                "parameter": "onespace",
                "property-declaration": "onespace",
                "variable-declaration": "onespace"
            }
        ],
        "next-line": [true,
            "check-catch",
            "check-else"
        ],
        "no-internal-module": true,
        "no-trailing-whitespace": [true, "ignore-template-strings"],
        "no-inferrable-types": true,
        "no-null-keyword": true,
        "boolean-trivia": true,
        "type-operator-spacing": true,
        "prefer-const": true,
        "no-increment-decrement": true,
        "object-literal-surrounding-space": true,
        "no-type-assertion-whitespace": true,
        "no-in-operator": true,
        "no-switch-case-fall-through": true,
        "triple-equals": true,
        "jsdoc-format": true
    }
}
